image,category
1007700.jpg,1
1011369.jpg,1
1051155.jpg,1
1062001.jpg,1
1069397.jpg,1
1072861.jpg,1
1097264.jpg,1
1098763.jpg,1
1098766.jpg,1
1101145.jpg,1
1114371.jpg,1
1114781.jpg,1
1115492.jpg,1
1121306.jpg,1
1123736.jpg,1
1124946.jpg,1
1125700.jpg,1
1127236.jpg,1
1127336.jpg,1
1130300.jpg,1
1131990.jpg,1
1141996.jpg,1
1145082.jpg,1
1153400.jpg,1
1162763.jpg,1
1162764.jpg,1
1162765.jpg,1
1163874.jpg,1
1174623.jpg,1
1185778.jpg,1
1186207.jpg,1
1193420.jpg,1
1203926.jpg,1
1228622.jpg,1
1229806.jpg,1
1243717.jpg,1
1244690.jpg,1
1244768.jpg,1
1250078.jpg,1
1250085.jpg,1
1252407.jpg,1
1260394.jpg,1
1263061.jpg,1
1263459.jpg,1
1289223.jpg,1
1289225.jpg,1
1296498.jpg,1
1311396.jpg,1
1314965.jpg,1
1324036.jpg,1
1334848.jpg,1
1334855.jpg,1
1342277.jpg,1
1345016.jpg,1
1352852.jpg,1
1359851.jpg,1
1368439.jpg,1
1382476.jpg,1
1386041.jpg,1
1396598.jpg,1
1400085.jpg,1
1400092.jpg,1
1412936.jpg,1
1414715.jpg,1
1414770.jpg,1
1416997.jpg,1
1417878.jpg,1
1419049.jpg,1
1419637.jpg,1
1436973.jpg,1
1438737.jpg,1
1438739.jpg,1
1440259.jpg,1
1440681.jpg,1
1444369.jpg,1
1445493.jpg,1
1447326.jpg,1
1458560.jpg,1
1467289.jpg,1
1488268.jpg,1
1489241.jpg,1
1495100.jpg,1
1498652.jpg,1
1504422.jpg,1
1514473.jpg,1
1527871.jpg,1
1530484.jpg,1
1539121.jpg,1
1545305.jpg,1
1547779.jpg,1
1548062.jpg,1
1548618.jpg,1
1556518.jpg,1
1557652.jpg,1
1557671.jpg,1
1564564.jpg,1
1566197.jpg,1
1569560.jpg,1
1574789.jpg,1
1585023.jpg,1
1585259.jpg,1
1588430.jpg,1
1603686.jpg,1
1603850.jpg,1
1609336.jpg,1
1609535.jpg,1
1613150.jpg,1
1615494.jpg,1
1617392.jpg,1
1630950.jpg,1
1634254.jpg,1
1637858.jpg,1
1641483.jpg,1
1641487.jpg,1
1641596.jpg,1
1642121.jpg,1
1643117.jpg,1
1645622.jpg,1
1651007.jpg,1
1651833.jpg,1
1652226.jpg,1
1652674.jpg,1
1653343.jpg,1
1653945.jpg,1
1672063.jpg,1
1672126.jpg,1
1689339.jpg,1
1689358.jpg,1
1689412.jpg,1
1694521.jpg,1
1694762.jpg,1
1697452.jpg,1
1703091.jpg,1
1703441.jpg,1
1713559.jpg,1
1718156.jpg,1
1721331.jpg,1
1722700.jpg,1
1728153.jpg,1
1736132.jpg,1
1737175.jpg,1
1771316.jpg,1
1775181.jpg,1
1778222.jpg,1
1781636.jpg,1
1783433.jpg,1
1784057.jpg,1
1796007.jpg,1
1796428.jpg,1
1797133.jpg,1
1798175.jpg,1
1798818.jpg,1
1798868.jpg,1
1801042.jpg,1
1809831.jpg,1
1810516.jpg,1
1817270.jpg,1
1826311.jpg,1
1831434.jpg,1
1831988.jpg,1
1833263.jpg,1
1833418.jpg,1
1836188.jpg,1
1837446.jpg,1
1865955.jpg,1
1866270.jpg,1
1868580.jpg,1
1868917.jpg,1
1872455.jpg,1
1873382.jpg,1
1874363.jpg,1
1875887.jpg,1
1879729.jpg,1
1882244.jpg,1
1882755.jpg,1
1884624.jpg,1
1892832.jpg,1
1893078.jpg,1
1893465.jpg,1
1893492.jpg,1
1895863.jpg,1
1896150.jpg,1
1896283.jpg,1
1899080.jpg,1
1901619.jpg,1
1901834.jpg,1
1903348.jpg,1
1903824.jpg,1
1904107.jpg,1
1905561.jpg,1
1905582.jpg,1
1905583.jpg,1
1915448.jpg,1
1920587.jpg,1
1935958.jpg,1
1936086.jpg,1
1940395.jpg,1
1942198.jpg,1
1943575.jpg,1
1951775.jpg,1
1958103.jpg,1
1972148.jpg,1
1980440.jpg,1
1982219.jpg,1
1991236.jpg,1
2002178.jpg,1
2004193.jpg,1
2006104.jpg,1
2008187.jpg,1
2010304.jpg,1
2012365.jpg,1
2016356.jpg,1
2022166.jpg,1
2023086.jpg,1
2030588.jpg,1
2031805.jpg,1
2032158.jpg,1
2034169.jpg,1
2035502.jpg,1
2038316.jpg,1
2041039.jpg,1
2042418.jpg,1
2046476.jpg,1
2049637.jpg,1
2060547.jpg,1
2062572.jpg,1
2064877.jpg,1
2065897.jpg,1
2066022.jpg,1
2074215.jpg,1
2080062.jpg,1
2080311.jpg,1
2080583.jpg,1
2080801.jpg,1
2087688.jpg,1
2091937.jpg,1
2095187.jpg,1
2095371.jpg,1
2097231.jpg,1
2100131.jpg,1
2102360.jpg,1
2109959.jpg,1
2118076.jpg,1
2122069.jpg,1
2122560.jpg,1
2127813.jpg,1
2128735.jpg,1
2129132.jpg,1
2131397.jpg,1
2132222.jpg,1
2139689.jpg,1
2143199.jpg,1
2143209.jpg,1
2145067.jpg,1
2145684.jpg,1
2147837.jpg,1
2149646.jpg,1
2154234.jpg,1
2156459.jpg,1
2158882.jpg,1
2159094.jpg,1
2160804.jpg,1
2160806.jpg,1
2160809.jpg,1
2165627.jpg,1
2168636.jpg,1
2170813.jpg,1
2175708.jpg,1
2175711.jpg,1
2180725.jpg,1
2181348.jpg,1
2181985.jpg,1
2182983.jpg,1
2183166.jpg,1
2188103.jpg,1
2190460.jpg,1
2195851.jpg,1
2202001.jpg,1
2204759.jpg,1
2206376.jpg,1
2208112.jpg,1
2208126.jpg,1
2208427.jpg,1
2208821.jpg,1
2210948.jpg,1
2214118.jpg,1
2215283.jpg,1
2217931.jpg,1
2219507.jpg,1
2222503.jpg,1
2232035.jpg,1
2235313.jpg,1
2235705.jpg,1
2235747.jpg,1
2235769.jpg,1
2237181.jpg,1
2237388.jpg,1
2237892.jpg,1
2252297.jpg,1
2254053.jpg,1
2259527.jpg,1
2263658.jpg,1
2265605.jpg,1
2269952.jpg,1
2270066.jpg,1
2279706.jpg,1
2280533.jpg,1
2289073.jpg,1
2294024.jpg,1
2298395.jpg,1
2300380.jpg,1
2300382.jpg,1
2307973.jpg,1
2312089.jpg,1
2331371.jpg,1
2331507.jpg,1
2334595.jpg,1
2335458.jpg,1
2335819.jpg,1
2338417.jpg,1
2341151.jpg,1
2346157.jpg,1
2346158.jpg,1
2347374.jpg,1
2349186.jpg,1
2350569.jpg,1
2353183.jpg,1
2359387.jpg,1
2360965.jpg,1
2363121.jpg,1
2364723.jpg,1
2366013.jpg,1
2366015.jpg,1
2366332.jpg,1
2367161.jpg,1
2367164.jpg,1
2367877.jpg,1
2369442.jpg,1
2370432.jpg,1
2372556.jpg,1
2373908.jpg,1
2376007.jpg,1
2379329.jpg,1
2379336.jpg,1
2380817.jpg,1
2386164.jpg,1
2397813.jpg,1
2408178.jpg,1
2415153.jpg,1
2418210.jpg,1
2418213.jpg,1
2418215.jpg,1
2421538.jpg,1
2423867.jpg,1
2424848.jpg,1
2426785.jpg,1
2439008.jpg,1
2448030.jpg,1
2450524.jpg,1
2465197.jpg,1
2471020.jpg,1
2491765.jpg,1
2492388.jpg,1
2492390.jpg,1
2495595.jpg,1
2495600.jpg,1
2496194.jpg,1
2500253.jpg,1
2501335.jpg,1
2501677.jpg,1
2511204.jpg,1
2512959.jpg,1
2513005.jpg,1
2513901.jpg,1
2516427.jpg,1
2519876.jpg,1
2525039.jpg,1
2526098.jpg,1
2533979.jpg,1
2536248.jpg,1
2542750.jpg,1
2544608.jpg,1
2544619.jpg,1
2547588.jpg,1
2551841.jpg,1
2552779.jpg,1
2554103.jpg,1
2555514.jpg,1
2555517.jpg,1
2557939.jpg,1
2558494.jpg,1
2560212.jpg,1
2566668.jpg,1
2567000.jpg,1
2581882.jpg,1
2582893.jpg,1
2584655.jpg,1
2584659.jpg,1
2585933.jpg,1
2595963.jpg,1
2599513.jpg,1
2605012.jpg,1
2614761.jpg,1
2620113.jpg,1
2620121.jpg,1
2620122.jpg,1
2623591.jpg,1
2623958.jpg,1
2626209.jpg,1
2629639.jpg,1
2630096.jpg,1
2633989.jpg,1
2633994.jpg,1
2636059.jpg,1
2641921.jpg,1
2645804.jpg,1
2649216.jpg,1
2649218.jpg,1
2649535.jpg,1
2652720.jpg,1
2656373.jpg,1
2659840.jpg,1
2661528.jpg,1
2662131.jpg,1
2666174.jpg,1
2666655.jpg,1
2668080.jpg,1
2668362.jpg,1
2668364.jpg,1
2669359.jpg,1
2669738.jpg,1
2669740.jpg,1
2669787.jpg,1
2670248.jpg,1
2670255.jpg,1
2674151.jpg,1
2674154.jpg,1
2674161.jpg,1
2674615.jpg,1
2677142.jpg,1
2677722.jpg,1
2681398.jpg,1
2682507.jpg,1
2686125.jpg,1
2687195.jpg,1
2687595.jpg,1
2688639.jpg,1
2689595.jpg,1
2690849.jpg,1
2691286.jpg,1
2691506.jpg,1
2692107.jpg,1
2692197.jpg,1
2692644.jpg,1
2695161.jpg,1
2695710.jpg,1
2695711.jpg,1
2696832.jpg,1
2696865.jpg,1
2697214.jpg,1
2697215.jpg,1
2697801.jpg,1
2697803.jpg,1
2702021.jpg,1
2702069.jpg,1
2702381.jpg,1
2703509.jpg,1
2703516.jpg,1
2704878.jpg,1
2704900.jpg,1
2705257.jpg,1
2707617.jpg,1
2707681.jpg,1
2708321.jpg,1
2709243.jpg,1
2710650.jpg,1
2711116.jpg,1
2712415.jpg,1
2712416.jpg,1
2712425.jpg,1
2713141.jpg,1
2713760.jpg,1
2715511.jpg,1
2718774.jpg,1
2718775.jpg,1
2719167.jpg,1
2719598.jpg,1
2720152.jpg,1
2720154.jpg,1
2721373.jpg,1
2721389.jpg,1
2722994.jpg,1
2723970.jpg,1
2725122.jpg,1
2726582.jpg,1
2726764.jpg,1
2728638.jpg,1
2728651.jpg,1
2728882.jpg,1
2730607.jpg,1
2732660.jpg,1
2733111.jpg,1
2735279.jpg,1
2736149.jpg,1
2737489.jpg,1
2739099.jpg,1
2740041.jpg,1
2740839.jpg,1
2741178.jpg,1
2741468.jpg,1
2741686.jpg,1
2741688.jpg,1
2743445.jpg,1
2744087.jpg,1
2744724.jpg,1
2745057.jpg,1
2747304.jpg,1
2747460.jpg,1
2748659.jpg,1
2749028.jpg,1
2756816.jpg,1
2758003.jpg,1
2761555.jpg,1
2762069.jpg,1
2764012.jpg,1
2764353.jpg,1
2767414.jpg,1
2769644.jpg,1
2770989.jpg,1
2771851.jpg,1
2773615.jpg,1
2773620.jpg,1
2775966.jpg,1
2776364.jpg,1
2778068.jpg,1
2778081.jpg,1
2778084.jpg,1
2778088.jpg,1
2778092.jpg,1
2778130.jpg,1
2779977.jpg,1
2780006.jpg,1
2780029.jpg,1
2780052.jpg,1
2780084.jpg,1
2780101.jpg,1
2780114.jpg,1
2780162.jpg,1
2780170.jpg,1
2780171.jpg,1
2780176.jpg,1
2780178.jpg,1
2780182.jpg,1
2780187.jpg,1
2780200.jpg,1
2780201.jpg,1
2780208.jpg,1
2780209.jpg,1
2780211.jpg,1
2780679.jpg,1
2780682.jpg,1
2781581.jpg,1
2782122.jpg,1
2782139.jpg,1
2782140.jpg,1
2782143.jpg,1
2782147.jpg,1
2782155.jpg,1
2782161.jpg,1
2782175.jpg,1
2782181.jpg,1
2782195.jpg,1
2782208.jpg,1
2782211.jpg,1
2782212.jpg,1
2782213.jpg,1
2782216.jpg,1
2782235.jpg,1
2782241.jpg,1
2782242.jpg,1
2782247.jpg,1
2782251.jpg,1
2782255.jpg,1
2782257.jpg,1
2782260.jpg,1
2782262.jpg,1
2782270.jpg,1
2784032.jpg,1
2784155.jpg,1
2784172.jpg,1
2784187.jpg,1
2784196.jpg,1
2784211.jpg,1
2784213.jpg,1
2784216.jpg,1
2784218.jpg,1
2784219.jpg,1
2784223.jpg,1
2784225.jpg,1
2784227.jpg,1
2784231.jpg,1
2784235.jpg,1
2784236.jpg,1
2784239.jpg,1
2784242.jpg,1
2784249.jpg,1
2784253.jpg,1
2784263.jpg,1
2784265.jpg,1
2784269.jpg,1
2784271.jpg,1
2784278.jpg,1
2784279.jpg,1
2784283.jpg,1
2784289.jpg,1
2784295.jpg,1
2784297.jpg,1
2784299.jpg,1
2786121.jpg,1
2786154.jpg,1
2786155.jpg,1
2786159.jpg,1
2786160.jpg,1
2786163.jpg,1
2786197.jpg,1
2786202.jpg,1
2786204.jpg,1
2786213.jpg,1
2786217.jpg,1
2786221.jpg,1
2786223.jpg,1
2786240.jpg,1
2786249.jpg,1
2786250.jpg,1
2786269.jpg,1
2787793.jpg,1
2788194.jpg,1
2788196.jpg,1
2788210.jpg,1
2788221.jpg,1
2788224.jpg,1
2788225.jpg,1
2788230.jpg,1
2788233.jpg,1
2788245.jpg,1
2788248.jpg,1
2788255.jpg,1
2788257.jpg,1
2788258.jpg,1
2788260.jpg,1
2788262.jpg,1
2788271.jpg,1
2788279.jpg,1
2788283.jpg,1
2788284.jpg,1
2788288.jpg,1
2788289.jpg,1
2788300.jpg,1
2788332.jpg,1
2788339.jpg,1
2788341.jpg,1
2788343.jpg,1
2788350.jpg,1
2788355.jpg,1
2789486.jpg,1
2790230.jpg,1
2790232.jpg,1
2790235.jpg,1
2790255.jpg,1
2790259.jpg,1
2790260.jpg,1
2790279.jpg,1
2790291.jpg,1
2790306.jpg,1
2790314.jpg,1
2790347.jpg,1
2790348.jpg,1
2790355.jpg,1
2790377.jpg,1
2790393.jpg,1
2790405.jpg,1
2790506.jpg,1
2791669.jpg,1
2792282.jpg,1
2792283.jpg,1
2792284.jpg,1
2792285.jpg,1
2792289.jpg,1
2792303.jpg,1
2792307.jpg,1
2792310.jpg,1
2792312.jpg,1
2792319.jpg,1
2792330.jpg,1
2792339.jpg,1
2792357.jpg,1
2792363.jpg,1
2792376.jpg,1
2792384.jpg,1
2792386.jpg,1
2792389.jpg,1
2792393.jpg,1
2792394.jpg,1
2792396.jpg,1
2792402.jpg,1
2792403.jpg,1
2792420.jpg,1
2792421.jpg,1
2792423.jpg,1
2792424.jpg,1
2792425.jpg,1
2792432.jpg,1
2792439.jpg,1
2794307.jpg,1
2794319.jpg,1
2794325.jpg,1
2794344.jpg,1
2794348.jpg,1
2794351.jpg,1
2794360.jpg,1
2794382.jpg,1
2794383.jpg,1
2794384.jpg,1
2794393.jpg,1
2794397.jpg,1
2794403.jpg,1
2794432.jpg,1
2794436.jpg,1
2794437.jpg,1
2794447.jpg,1
2794452.jpg,1
2794453.jpg,1
2795268.jpg,1
2796336.jpg,1
2796340.jpg,1
2796342.jpg,1
2796347.jpg,1
2796359.jpg,1
2796372.jpg,1
2796376.jpg,1
2796377.jpg,1
2796385.jpg,1
2796393.jpg,1
2796405.jpg,1
2796407.jpg,1
2796418.jpg,1
2796421.jpg,1
2796425.jpg,1
2796426.jpg,1
2796427.jpg,1
2796433.jpg,1
2796463.jpg,1
2796481.jpg,1
2796482.jpg,1
2796491.jpg,1
2796495.jpg,1
2796497.jpg,1
2798358.jpg,1
2798365.jpg,1
2798369.jpg,1
2798371.jpg,1
2798384.jpg,1
2798388.jpg,1
2798392.jpg,1
2798397.jpg,1
2798410.jpg,1
2798412.jpg,1
2798424.jpg,1
2798425.jpg,1
2798431.jpg,1
2798436.jpg,1
2798439.jpg,1
2798444.jpg,1
2798451.jpg,1
2798455.jpg,1
2798457.jpg,1
2798465.jpg,1
2798475.jpg,1
2798476.jpg,1
2798480.jpg,1
2798481.jpg,1
2798490.jpg,1
2798491.jpg,1
2798499.jpg,1
2798514.jpg,1
2798525.jpg,1
2798527.jpg,1
2800098.jpg,1
2800421.jpg,1
2800424.jpg,1
2800430.jpg,1
2800440.jpg,1
2800443.jpg,1
2800445.jpg,1
2800447.jpg,1
2800448.jpg,1
2800465.jpg,1
2800471.jpg,1
2800475.jpg,1
2800488.jpg,1
2800489.jpg,1
2800491.jpg,1
2800500.jpg,1
2800510.jpg,1
2800511.jpg,1
2800526.jpg,1
2800530.jpg,1
2800542.jpg,1
2800552.jpg,1
2800567.jpg,1
2800570.jpg,1
2800574.jpg,1
2800582.jpg,1
2800584.jpg,1
2800585.jpg,1
2800593.jpg,1
2800595.jpg,1
2802031.jpg,1
2802493.jpg,1
2802494.jpg,1
2802496.jpg,1
2802501.jpg,1
2802502.jpg,1
2802503.jpg,1
2802505.jpg,1
2802520.jpg,1
2802535.jpg,1
2802558.jpg,1
2802599.jpg,1
2802600.jpg,1
2802608.jpg,1
2802610.jpg,1
2802611.jpg,1
2802614.jpg,1
2802615.jpg,1
2802623.jpg,1
2802630.jpg,1
2802631.jpg,1
2802635.jpg,1
2802636.jpg,1
2802649.jpg,1
2802654.jpg,1
2804501.jpg,1
2804517.jpg,1
2804592.jpg,1
2804593.jpg,1
2804594.jpg,1
2804605.jpg,1
2804606.jpg,1
2804613.jpg,1
2804617.jpg,1
2804618.jpg,1
2804620.jpg,1
2804643.jpg,1
2804654.jpg,1
2804664.jpg,1
2804682.jpg,1
2804684.jpg,1
2804712.jpg,1
2804719.jpg,1
2804723.jpg,1
2804743.jpg,1
2804746.jpg,1
2804747.jpg,1
2804753.jpg,1
2804756.jpg,1
2804760.jpg,1
2804762.jpg,1
2804763.jpg,1
2804764.jpg,1
2804765.jpg,1
2804766.jpg,1
2806102.jpg,1
2806236.jpg,1
2806614.jpg,1
2806616.jpg,1
2806622.jpg,1
2806629.jpg,1
2806639.jpg,1
2806659.jpg,1
2806665.jpg,1
2806672.jpg,1
2806673.jpg,1
2806676.jpg,1
2806701.jpg,1
2806707.jpg,1
2806709.jpg,1
2806712.jpg,1
2806720.jpg,1
2806722.jpg,1
2806725.jpg,1
2806740.jpg,1
2806745.jpg,1
2806749.jpg,1
2806750.jpg,1
2806763.jpg,1
2806772.jpg,1
2806775.jpg,1
2806780.jpg,1
2806784.jpg,1
2807078.jpg,1
2807422.jpg,1
2807424.jpg,1
2807429.jpg,1
2807431.jpg,1
2807457.jpg,1
2807578.jpg,1
2807636.jpg,1
2807712.jpg,1
2807929.jpg,1
2808660.jpg,1
2808678.jpg,1
2808679.jpg,1
2808682.jpg,1
2808683.jpg,1
2808688.jpg,1
2808735.jpg,1
2808738.jpg,1
2808748.jpg,1
2808757.jpg,1
2808758.jpg,1
2808786.jpg,1
2808791.jpg,1
2808795.jpg,1
2808796.jpg,1
2808798.jpg,1
2808815.jpg,1
2808829.jpg,1
2808835.jpg,1
2808977.jpg,1
2809175.jpg,1
2809399.jpg,1
2809690.jpg,1
2809762.jpg,1
2809765.jpg,1
2809929.jpg,1
2810136.jpg,1
2810205.jpg,1
2810465.jpg,1
2810538.jpg,1
2810542.jpg,1
2810562.jpg,1
2810736.jpg,1
2810737.jpg,1
2810738.jpg,1
2810739.jpg,1
2810749.jpg,1
2810771.jpg,1
2810772.jpg,1
2810775.jpg,1
2810777.jpg,1
2810782.jpg,1
2810791.jpg,1
2810795.jpg,1
2810809.jpg,1
2810813.jpg,1
2810815.jpg,1
2810816.jpg,1
2810834.jpg,1
2810837.jpg,1
2810840.jpg,1
2810860.jpg,1
2810864.jpg,1
2810868.jpg,1
2810880.jpg,1
2810881.jpg,1
2810891.jpg,1
2810892.jpg,1
2810893.jpg,1
2810895.jpg,1
2812139.jpg,1
2812710.jpg,1
2812746.jpg,1
2812759.jpg,1
2812767.jpg,1
2812772.jpg,1
2812790.jpg,1
2812801.jpg,1
2812807.jpg,1
2812811.jpg,1
2812817.jpg,1
2812819.jpg,1
2812821.jpg,1
2812822.jpg,1
2812823.jpg,1
2812824.jpg,1
2812825.jpg,1
2812836.jpg,1
2812837.jpg,1
2812845.jpg,1
2812846.jpg,1
2812854.jpg,1
2812855.jpg,1
2812879.jpg,1
2812896.jpg,1
2812907.jpg,1
2812917.jpg,1
2812924.jpg,1
2812929.jpg,1
2812930.jpg,1
2812931.jpg,1
2812932.jpg,1
2814144.jpg,1
2814814.jpg,1
2814822.jpg,1
2814829.jpg,1
2814839.jpg,1
2814863.jpg,1
2814877.jpg,1
2814886.jpg,1
2814887.jpg,1
2814889.jpg,1
2814896.jpg,1
2814898.jpg,1
2814928.jpg,1
2814935.jpg,1
2814943.jpg,1
2814952.jpg,1
2814954.jpg,1
2814963.jpg,1
2815117.jpg,1
2815303.jpg,1
2816800.jpg,1
2816801.jpg,1
2816806.jpg,1
2816810.jpg,1
2816825.jpg,1
2816841.jpg,1
2816843.jpg,1
2816844.jpg,1
2816846.jpg,1
2816853.jpg,1
2816868.jpg,1
2816869.jpg,1
2816870.jpg,1
2816872.jpg,1
2816875.jpg,1
2816894.jpg,1
2816902.jpg,1
2816915.jpg,1
2816917.jpg,1
2816922.jpg,1
2816933.jpg,1
2816935.jpg,1
2816941.jpg,1
2816945.jpg,1
2816949.jpg,1
2816962.jpg,1
2816971.jpg,1
2816981.jpg,1
2816983.jpg,1
2816988.jpg,1
2817166.jpg,1
2817168.jpg,1
2817737.jpg,1
2818800.jpg,1
2818889.jpg,1
2818891.jpg,1
2818895.jpg,1
2818907.jpg,1
2818908.jpg,1
2818909.jpg,1
2818910.jpg,1
2818915.jpg,1
2818916.jpg,1
2818917.jpg,1
2818919.jpg,1
2818920.jpg,1
2818922.jpg,1
2818924.jpg,1
2818928.jpg,1
2818931.jpg,1
2818932.jpg,1
2818933.jpg,1
2818938.jpg,1
2818940.jpg,1
2818941.jpg,1
2818949.jpg,1
2818952.jpg,1
2818953.jpg,1
2818955.jpg,1
2818970.jpg,1
2818980.jpg,1
2819008.jpg,1
2819013.jpg,1
2819014.jpg,1
2819018.jpg,1
2819028.jpg,1
2819051.jpg,1
2819062.jpg,1
2819074.jpg,1
2819085.jpg,1
2820305.jpg,1
2820687.jpg,1
2821023.jpg,1
2821038.jpg,1
2821039.jpg,1
2821049.jpg,1
2821060.jpg,1
2821068.jpg,1
2821079.jpg,1
2821083.jpg,1
2821093.jpg,1
2821099.jpg,1
2821108.jpg,1
2821126.jpg,1
2821132.jpg,1
2821137.jpg,1
2821164.jpg,1
2821165.jpg,1
2821167.jpg,1
2821169.jpg,1
2821176.jpg,1
2821206.jpg,1
2821210.jpg,1
2821335.jpg,1
2822060.jpg,1
2822522.jpg,1
2822790.jpg,1
2822818.jpg,1
2823053.jpg,1
2823054.jpg,1
2823056.jpg,1
2823068.jpg,1
2823073.jpg,1
2823076.jpg,1
2823078.jpg,1
2823084.jpg,1
2823092.jpg,1
2823103.jpg,1
2823110.jpg,1
2823117.jpg,1
2823119.jpg,1
2823123.jpg,1
2823125.jpg,1
2823162.jpg,1
2823168.jpg,1
2823172.jpg,1
2823182.jpg,1
2823215.jpg,1
2823224.jpg,1
2823227.jpg,1
2823230.jpg,1
2823238.jpg,1
2823625.jpg,1
2824316.jpg,1
2824360.jpg,1
2824361.jpg,1
2825091.jpg,1
2825094.jpg,1
2825113.jpg,1
2825120.jpg,1
2825123.jpg,1
2825132.jpg,1
2825142.jpg,1
2825154.jpg,1
2825162.jpg,1
2825171.jpg,1
2825179.jpg,1
2825180.jpg,1
2825188.jpg,1
2825193.jpg,1
2825196.jpg,1
2825207.jpg,1
2825208.jpg,1
2825219.jpg,1
2825222.jpg,1
2825228.jpg,1
2825243.jpg,1
2825264.jpg,1
2825958.jpg,1
2826040.jpg,1
2826226.jpg,1
2826666.jpg,1
2826669.jpg,1
2826673.jpg,1
2826732.jpg,1
2827127.jpg,1
2827132.jpg,1
2827133.jpg,1
2827135.jpg,1
2827146.jpg,1
2827157.jpg,1
2827161.jpg,1
2827167.jpg,1
2827169.jpg,1
2827173.jpg,1
2827190.jpg,1
2827201.jpg,1
2827208.jpg,1
2827212.jpg,1
2827217.jpg,1
2827243.jpg,1
2827244.jpg,1
2827253.jpg,1
2827255.jpg,1
2827257.jpg,1
2827259.jpg,1
2827264.jpg,1
2827283.jpg,1
2827288.jpg,1
2827303.jpg,1
2827309.jpg,1
2828015.jpg,1
2829222.jpg,1
2829224.jpg,1
2829247.jpg,1
2829248.jpg,1
2829252.jpg,1
2829270.jpg,1
2829289.jpg,1
2829290.jpg,1
2829291.jpg,1
2829298.jpg,1
2829317.jpg,1
2829322.jpg,1
2829330.jpg,1
2829338.jpg,1
2829339.jpg,1
2829347.jpg,1
2829351.jpg,1
2829373.jpg,1
2829377.jpg,1
2829381.jpg,1
2829382.jpg,1
2829389.jpg,1
2829393.jpg,1
2829397.jpg,1
2829403.jpg,1
2829422.jpg,1
2829440.jpg,1
2829880.jpg,1
2831265.jpg,1
2831272.jpg,1
2831278.jpg,1
2831284.jpg,1
2831286.jpg,1
2831289.jpg,1
2831293.jpg,1
2831303.jpg,1
2831308.jpg,1
2831310.jpg,1
2831333.jpg,1
2831337.jpg,1
2831358.jpg,1
2831359.jpg,1
2831376.jpg,1
2831377.jpg,1
2831390.jpg,1
2831398.jpg,1
2831406.jpg,1
2831407.jpg,1
2831415.jpg,1
2831418.jpg,1
2831443.jpg,1
2831445.jpg,1
2831446.jpg,1
2831447.jpg,1
2831459.jpg,1
2831460.jpg,1
2833308.jpg,1
2833312.jpg,1
2833325.jpg,1
2833327.jpg,1
2833328.jpg,1
2833334.jpg,1
2833351.jpg,1
2833375.jpg,1
2833385.jpg,1
2833386.jpg,1
2833387.jpg,1
2833397.jpg,1
2833398.jpg,1
2833401.jpg,1
2833402.jpg,1
2833408.jpg,1
2833412.jpg,1
2833415.jpg,1
2833420.jpg,1
2833438.jpg,1
2833446.jpg,1
2833455.jpg,1
2833456.jpg,1
2833464.jpg,1
2833471.jpg,1
2834324.jpg,1
2835359.jpg,1
2835361.jpg,1
2835369.jpg,1
2835370.jpg,1
2835372.jpg,1
2835376.jpg,1
2835378.jpg,1
2835399.jpg,1
2835401.jpg,1
2835402.jpg,1
2835403.jpg,1
2835404.jpg,1
2835406.jpg,1
2835408.jpg,1
2835413.jpg,1
2835422.jpg,1
2835435.jpg,1
2835437.jpg,1
2835455.jpg,1
2835456.jpg,1
2835457.jpg,1
2835464.jpg,1
2835469.jpg,1
2835478.jpg,1
2835485.jpg,1
2835491.jpg,1
2835492.jpg,1
2835498.jpg,1
2835500.jpg,1
2835511.jpg,1
2835512.jpg,1
2835517.jpg,1
2835518.jpg,1
2835519.jpg,1
2835520.jpg,1
2835522.jpg,1
2835534.jpg,1
2836809.jpg,1
2837125.jpg,1
2837150.jpg,1
2837154.jpg,1
2837296.jpg,1
2837306.jpg,1
2837439.jpg,1
2837458.jpg,1
2837495.jpg,1
2837523.jpg,1
2837538.jpg,1
2837563.jpg,1
2837564.jpg,1
2837582.jpg,1
2837583.jpg,1
2837584.jpg,1
2837599.jpg,1
2837603.jpg,1
2837604.jpg,1
2837606.jpg,1
2837607.jpg,1
2837611.jpg,1
2837613.jpg,1
2837614.jpg,1
2837617.jpg,1
2837625.jpg,1
2837627.jpg,1
2837628.jpg,1
2837629.jpg,1
2837631.jpg,1
2837635.jpg,1
2837638.jpg,1
2837644.jpg,1
2837645.jpg,1
2837647.jpg,1
2837729.jpg,1
2837730.jpg,1
2837848.jpg,1
2837904.jpg,1
2837905.jpg,1
2837907.jpg,1
2837918.jpg,1
2837989.jpg,1
2837990.jpg,1
2838014.jpg,1
2838034.jpg,1
2838084.jpg,1
2838207.jpg,1
2838370.jpg,1
2838372.jpg,1
2838412.jpg,1
2839036.jpg,1
2839110.jpg,1
2839111.jpg,1
2839121.jpg,1
2839213.jpg,1
2839367.jpg,1
2839477.jpg,1
2839505.jpg,1
2839510.jpg,1
2839513.jpg,1
2839522.jpg,1
2839539.jpg,1
2839544.jpg,1
2839546.jpg,1
2839548.jpg,1
2839549.jpg,1
2839553.jpg,1
2839560.jpg,1
2839561.jpg,1
2839563.jpg,1
2839566.jpg,1
2839567.jpg,1
2839577.jpg,1
2839582.jpg,1
2839593.jpg,1
2839595.jpg,1
2839601.jpg,1
2839617.jpg,1
2839627.jpg,1
2839634.jpg,1
2839642.jpg,1
2839645.jpg,1
2839657.jpg,1
2839719.jpg,1
2839755.jpg,1
2840647.jpg,1
2840737.jpg,1
2840817.jpg,1
2840824.jpg,1
2840922.jpg,1
2840923.jpg,1
2840925.jpg,1
2841339.jpg,1
2841341.jpg,1
2841562.jpg,1
2841569.jpg,1
2841575.jpg,1
2841581.jpg,1
2841582.jpg,1
2841587.jpg,1
2841593.jpg,1
2841603.jpg,1
2841607.jpg,1
2841611.jpg,1
2841612.jpg,1
2841625.jpg,1
2841627.jpg,1
2841645.jpg,1
2841663.jpg,1
2841664.jpg,1
2841668.jpg,1
2841692.jpg,1
2841695.jpg,1
2841703.jpg,1
2841705.jpg,1
2841708.jpg,1
2841719.jpg,1
2841728.jpg,1
2841732.jpg,1
2841733.jpg,1
2841877.jpg,1
2842112.jpg,1
2842337.jpg,1
2842483.jpg,1
2842492.jpg,1
2842494.jpg,1
2842509.jpg,1
2842611.jpg,1
2842676.jpg,1
2842681.jpg,1
2842785.jpg,1
2842786.jpg,1
2843284.jpg,1
2843363.jpg,1
2843365.jpg,1
2843366.jpg,1
2843462.jpg,1
2843604.jpg,1
2843608.jpg,1
2843610.jpg,1
2843616.jpg,1
2843619.jpg,1
2843624.jpg,1
2843625.jpg,1
2843636.jpg,1
2843641.jpg,1
2843661.jpg,1
2843665.jpg,1
2843667.jpg,1
2843676.jpg,1
2843683.jpg,1
2843690.jpg,1
2843695.jpg,1
2843719.jpg,1
2843720.jpg,1
2843721.jpg,1
2843722.jpg,1
2843723.jpg,1
2843732.jpg,1
2843734.jpg,1
2843738.jpg,1
2843743.jpg,1
2843756.jpg,1
2843766.jpg,1
2843805.jpg,1
2843870.jpg,1
2843922.jpg,1
2844067.jpg,1
2844071.jpg,1
2844196.jpg,1
2844230.jpg,1
2844372.jpg,1
2844406.jpg,1
2844477.jpg,1
2844682.jpg,1
2844684.jpg,1
2844797.jpg,1
2844911.jpg,1
2845460.jpg,1
2845553.jpg,1
2845555.jpg,1
2845674.jpg,1
2845693.jpg,1
2845697.jpg,1
2845700.jpg,1
2845703.jpg,1
2845714.jpg,1
2845729.jpg,1
2845732.jpg,1
2845734.jpg,1
2845744.jpg,1
2845745.jpg,1
2845756.jpg,1
2845762.jpg,1
2845763.jpg,1
2845764.jpg,1
2845769.jpg,1
2845778.jpg,1
2845782.jpg,1
2845783.jpg,1
2845804.jpg,1
2845814.jpg,1
2845816.jpg,1
2845818.jpg,1
2845823.jpg,1
2845827.jpg,1
2845837.jpg,1
2846043.jpg,1
2846254.jpg,1
2847161.jpg,1
2847442.jpg,1
2847444.jpg,1
2847531.jpg,1
2847533.jpg,1
2847574.jpg,1
2847590.jpg,1
2847639.jpg,1
2847685.jpg,1
2847688.jpg,1
2847703.jpg,1
2847707.jpg,1
2847711.jpg,1
2847717.jpg,1
2847731.jpg,1
2847753.jpg,1
2847758.jpg,1
2847764.jpg,1
2847766.jpg,1
2847788.jpg,1
2847801.jpg,1
2847807.jpg,1
2847811.jpg,1
2847814.jpg,1
2847817.jpg,1
2847819.jpg,1
2847821.jpg,1
2848234.jpg,1
2848235.jpg,1
2848358.jpg,1
2848360.jpg,1
2848361.jpg,1
2848422.jpg,1
2848501.jpg,1
2848697.jpg,1
2848698.jpg,1
2848822.jpg,1
2848829.jpg,1
2848831.jpg,1
2848832.jpg,1
2849339.jpg,1
2849748.jpg,1
2849757.jpg,1
2849779.jpg,1
2849785.jpg,1
2849792.jpg,1
2849795.jpg,1
2849798.jpg,1
2849802.jpg,1
2849805.jpg,1
2849813.jpg,1
2849818.jpg,1
2849833.jpg,1
2849844.jpg,1
2849849.jpg,1
2849853.jpg,1
2849861.jpg,1
2849885.jpg,1
2849888.jpg,1
2849895.jpg,1
2849897.jpg,1
2849898.jpg,1
2849900.jpg,1
2849910.jpg,1
2849915.jpg,1
2850066.jpg,1
2850224.jpg,1
2850411.jpg,1
2850553.jpg,1
2850566.jpg,1
2850575.jpg,1
2850602.jpg,1
2850961.jpg,1
2850974.jpg,1
2851030.jpg,1
2851110.jpg,1
2851180.jpg,1
2851289.jpg,1
2851320.jpg,1
2851368.jpg,1
2851650.jpg,1
2851785.jpg,1
2851786.jpg,1
2851791.jpg,1
2851799.jpg,1
2851804.jpg,1
2851824.jpg,1
2851827.jpg,1
2851828.jpg,1
2851837.jpg,1
2851842.jpg,1
2851843.jpg,1
2851866.jpg,1
2851871.jpg,1
2851878.jpg,1
2851882.jpg,1
2851884.jpg,1
2851892.jpg,1
2851894.jpg,1
2851895.jpg,1
2851906.jpg,1
2851907.jpg,1
2851910.jpg,1
2851921.jpg,1
2851926.jpg,1
2851929.jpg,1
2851931.jpg,1
2851934.jpg,1
2851941.jpg,1
2851942.jpg,1
2851948.jpg,1
2851960.jpg,1
2851964.jpg,1
2852369.jpg,1
2852408.jpg,1
2852455.jpg,1
2852457.jpg,1
2852463.jpg,1
2852466.jpg,1
2852467.jpg,1
2852468.jpg,1
2852469.jpg,1
2852474.jpg,1
2852615.jpg,1
2852913.jpg,1
2852944.jpg,1
2853117.jpg,1
2853132.jpg,1
2853324.jpg,1
2853340.jpg,1
2853886.jpg,1
2853887.jpg,1
2853895.jpg,1
2853949.jpg,1
2853950.jpg,1
2853957.jpg,1
2853960.jpg,1
2853967.jpg,1
2853968.jpg,1
2853988.jpg,1
2854006.jpg,1
2854007.jpg,1
2854008.jpg,1
2854017.jpg,1
2854020.jpg,1
2854065.jpg,1
2854310.jpg,1
2854820.jpg,1
2855045.jpg,1
2855294.jpg,1
2855683.jpg,1
2855710.jpg,1
2855864.jpg,1
2855928.jpg,1
2855935.jpg,1
2855943.jpg,1
2855946.jpg,1
2855956.jpg,1
2855957.jpg,1
2855971.jpg,1
2855974.jpg,1
2855976.jpg,1
2855989.jpg,1
2855991.jpg,1
2855993.jpg,1
2855994.jpg,1
2856005.jpg,1
2856009.jpg,1
2856011.jpg,1
2856012.jpg,1
2856013.jpg,1
2856016.jpg,1
2856017.jpg,1
2856022.jpg,1
2856023.jpg,1
2856031.jpg,1
2856037.jpg,1
2856040.jpg,1
2856043.jpg,1
2856045.jpg,1
2856073.jpg,1
2856080.jpg,1
2856419.jpg,1
2856537.jpg,1
2856696.jpg,1
2856697.jpg,1
2856698.jpg,1
2856699.jpg,1
2856707.jpg,1
2857715.jpg,1
2857720.jpg,1
2857736.jpg,1
2857957.jpg,1
2857966.jpg,1
2857983.jpg,1
2858002.jpg,1
2858005.jpg,1
2858006.jpg,1
2858014.jpg,1
2858032.jpg,1
2858034.jpg,1
2858038.jpg,1
2858054.jpg,1
2858058.jpg,1
2858073.jpg,1
2858103.jpg,1
2858107.jpg,1
2858118.jpg,1
2858130.jpg,1
2858133.jpg,1
2858138.jpg,1
2858452.jpg,1
2858779.jpg,1
2858880.jpg,1
2858939.jpg,1
2859175.jpg,1
2859404.jpg,1
2859428.jpg,1
2859430.jpg,1
2859431.jpg,1
2859432.jpg,1
2859433.jpg,1
2859565.jpg,1
2859990.jpg,1
2859993.jpg,1
2860009.jpg,1
2860035.jpg,1
2860037.jpg,1
2860038.jpg,1
2860043.jpg,1
2860048.jpg,1
2860049.jpg,1
2860051.jpg,1
2860097.jpg,1
2860099.jpg,1
2860116.jpg,1
2860139.jpg,1
2860145.jpg,1
2860148.jpg,1
2860164.jpg,1
2860165.jpg,1
2860174.jpg,1
2860180.jpg,1
2860258.jpg,1
2860264.jpg,1
2860285.jpg,1
2860330.jpg,1
2860590.jpg,1
2860807.jpg,1
2860817.jpg,1
2860923.jpg,1
2860943.jpg,1
2861112.jpg,1
2861356.jpg,1
2861357.jpg,1
2861380.jpg,1
2861413.jpg,1
2861541.jpg,1
2861612.jpg,1
2861716.jpg,1
2861717.jpg,1
2861728.jpg,1
2861840.jpg,1
2861916.jpg,1
2862023.jpg,1
2862024.jpg,1
2862026.jpg,1
2862031.jpg,1
2862032.jpg,1
2862033.jpg,1
2862037.jpg,1
2862078.jpg,1
2862095.jpg,1
2862125.jpg,1
2862137.jpg,1
2862155.jpg,1
2862160.jpg,1
2862162.jpg,1
2862170.jpg,1
2862173.jpg,1
2862215.jpg,1
2862222.jpg,1
2862605.jpg,1
2862608.jpg,1
2862612.jpg,1
2862631.jpg,1
2862632.jpg,1
2862633.jpg,1
2862658.jpg,1
2862917.jpg,1
2863014.jpg,1
2863021.jpg,1
2863061.jpg,1
2863181.jpg,1
2863237.jpg,1
2863437.jpg,1
2863455.jpg,1
2863498.jpg,1
2863540.jpg,1
2863914.jpg,1
2863937.jpg,1
2864020.jpg,1
2864024.jpg,1
2864025.jpg,1
2864028.jpg,1
2864085.jpg,1
2864089.jpg,1
2864102.jpg,1
2864103.jpg,1
2864105.jpg,1
2864122.jpg,1
2864126.jpg,1
2864129.jpg,1
2864134.jpg,1
2864135.jpg,1
2864136.jpg,1
2864142.jpg,1
2864156.jpg,1
2864159.jpg,1
2864215.jpg,1
2864233.jpg,1
2864235.jpg,1
2864990.jpg,1
2865027.jpg,1
2865028.jpg,1
2865241.jpg,1
2865253.jpg,1
2865521.jpg,1
2865548.jpg,1
2865549.jpg,1
2865679.jpg,1
2865888.jpg,1
2866003.jpg,1
2866008.jpg,1
2866013.jpg,1
2866017.jpg,1
2866022.jpg,1
2866023.jpg,1
2866026.jpg,1
2866028.jpg,1
2866032.jpg,1
2866036.jpg,1
2866038.jpg,1
2866046.jpg,1
2866061.jpg,1
2866068.jpg,1
2866085.jpg,1
2866089.jpg,1
2866092.jpg,1
2866107.jpg,1
2866108.jpg,1
2866109.jpg,1
2866126.jpg,1
2866132.jpg,1
2866160.jpg,1
2866258.jpg,1
2866367.jpg,1
2866459.jpg,1
2866530.jpg,1
2866627.jpg,1
2866646.jpg,1
2866661.jpg,1
2866891.jpg,1
2866892.jpg,1
2866933.jpg,1
2867794.jpg,1
2867932.jpg,1
2867997.jpg,1
2868003.jpg,1
2868025.jpg,1
2868030.jpg,1
2868033.jpg,1
2868036.jpg,1
2868040.jpg,1
2868045.jpg,1
2868047.jpg,1
2868055.jpg,1
2868074.jpg,1
2868078.jpg,1
2868094.jpg,1
2868100.jpg,1
2868103.jpg,1
2868106.jpg,1
2868114.jpg,1
2868153.jpg,1
2868154.jpg,1
2868155.jpg,1
2868162.jpg,1
2868237.jpg,1
2868331.jpg,1
2868480.jpg,1
2868481.jpg,1
2868549.jpg,1
2868603.jpg,1
2868616.jpg,1
2868722.jpg,1
2868723.jpg,1
2868743.jpg,1
2868862.jpg,1
2869020.jpg,1
2869056.jpg,1
2869061.jpg,1
2869062.jpg,1
2869063.jpg,1
2869064.jpg,1
2869219.jpg,1
2869221.jpg,1
2869352.jpg,1
2869674.jpg,1
2869704.jpg,1
2870012.jpg,1
2870025.jpg,1
2870031.jpg,1
2870033.jpg,1
2870036.jpg,1
2870037.jpg,1
2870041.jpg,1
2870044.jpg,1
2870045.jpg,1
2870048.jpg,1
2870051.jpg,1
2870057.jpg,1
2870063.jpg,1
2870066.jpg,1
2870076.jpg,1
2870090.jpg,1
2870091.jpg,1
2870113.jpg,1
2870114.jpg,1
2870121.jpg,1
2870135.jpg,1
2870136.jpg,1
2870138.jpg,1
2870148.jpg,1
2870428.jpg,1
2870626.jpg,1
2870659.jpg,1
2870670.jpg,1
2870910.jpg,1
2871043.jpg,1
2871199.jpg,1
2871201.jpg,1
2871348.jpg,1
2871438.jpg,1
2871444.jpg,1
2871873.jpg,1
2871978.jpg,1
2872030.jpg,1
2872041.jpg,1
2872055.jpg,1
2872056.jpg,1
2872058.jpg,1
2872082.jpg,1
2872083.jpg,1
2872085.jpg,1
2872091.jpg,1
2872094.jpg,1
2872099.jpg,1
2872100.jpg,1
2872103.jpg,1
2872108.jpg,1
2872135.jpg,1
2872140.jpg,1
2872148.jpg,1
2872151.jpg,1
2872157.jpg,1
2872163.jpg,1
2872164.jpg,1
2872179.jpg,1
2872183.jpg,1
2872232.jpg,1
2872234.jpg,1
2872291.jpg,1
2872361.jpg,1
2873049.jpg,1
2873053.jpg,1
2873204.jpg,1
2873223.jpg,1
2873516.jpg,1
2873518.jpg,1
2874038.jpg,1
2874046.jpg,1
2874049.jpg,1
2874060.jpg,1
2874062.jpg,1
2874070.jpg,1
2874074.jpg,1
2874075.jpg,1
2874083.jpg,1
2874103.jpg,1
2874109.jpg,1
2874118.jpg,1
2874121.jpg,1
2874123.jpg,1
2874124.jpg,1
2874134.jpg,1
2874137.jpg,1
2874140.jpg,1
2874168.jpg,1
2874171.jpg,1
2874172.jpg,1
2874177.jpg,1
2874182.jpg,1
2874185.jpg,1
2874360.jpg,1
2874775.jpg,1
2875056.jpg,1
2875059.jpg,1
2875069.jpg,1
2875153.jpg,1
2875213.jpg,1
2875222.jpg,1
2875348.jpg,1
2875427.jpg,1
2875467.jpg,1
2875753.jpg,1
2875832.jpg,1
2875895.jpg,1
2876011.jpg,1
2876107.jpg,1
2876125.jpg,1
2876136.jpg,1
2876159.jpg,1
2876163.jpg,1
2876166.jpg,1
2876172.jpg,1
2876174.jpg,1
2876179.jpg,1
2876180.jpg,1
2876185.jpg,1
2876188.jpg,1
2876194.jpg,1
2876219.jpg,1
2876262.jpg,1
2876430.jpg,1
2876583.jpg,1
2876586.jpg,1
2876587.jpg,1
2876630.jpg,1
2876640.jpg,1
2876683.jpg,1
2876715.jpg,1
2877055.jpg,1
2877213.jpg,1
2877287.jpg,1
2877291.jpg,1
2877350.jpg,1
2877375.jpg,1
2877380.jpg,1
2877552.jpg,1
2877553.jpg,1
2877795.jpg,1
2877805.jpg,1
2877963.jpg,1
2878108.jpg,1
2878157.jpg,1
2878171.jpg,1
2878186.jpg,1
2878192.jpg,1
2878201.jpg,1
2878224.jpg,1
2878228.jpg,1
2878233.jpg,1
2878256.jpg,1
2878257.jpg,1
2878262.jpg,1
2878268.jpg,1
2878273.jpg,1
2878275.jpg,1
2878292.jpg,1
2878305.jpg,1
2878319.jpg,1
2878416.jpg,1
2878483.jpg,1
2878493.jpg,1
2878764.jpg,1
2878875.jpg,1
2878877.jpg,1
2879743.jpg,1
2879763.jpg,1
2879765.jpg,1
2879776.jpg,1
2880185.jpg,1
2880211.jpg,1
2880213.jpg,1
2880215.jpg,1
2880217.jpg,1
2880218.jpg,1
2880219.jpg,1
2880225.jpg,1
2880239.jpg,1
2880247.jpg,1
2880249.jpg,1
2880252.jpg,1
2880254.jpg,1
2880255.jpg,1
2880269.jpg,1
2880277.jpg,1
2880290.jpg,1
2880300.jpg,1
2880304.jpg,1
2880316.jpg,1
2880330.jpg,1
2880338.jpg,1
2880357.jpg,1
2880785.jpg,1
2880816.jpg,1
2880968.jpg,1
2881205.jpg,1
2881750.jpg,1
2881863.jpg,1
2882160.jpg,1
2882182.jpg,1
2882184.jpg,1
2882187.jpg,1
2882218.jpg,1
2882224.jpg,1
2882232.jpg,1
2882248.jpg,1
2882258.jpg,1
2882262.jpg,1
2882289.jpg,1
2882291.jpg,1
2882302.jpg,1
2882306.jpg,1
2882372.jpg,1
2882374.jpg,1
2882375.jpg,1
2882835.jpg,1
2883238.jpg,1
2883245.jpg,1
2883299.jpg,1
2883336.jpg,1
2883805.jpg,1
2883860.jpg,1
2884293.jpg,1
2884294.jpg,1
2884316.jpg,1
2884333.jpg,1
2884334.jpg,1
2884340.jpg,1
2884344.jpg,1
2884345.jpg,1
2884380.jpg,1
2884405.jpg,1
2884406.jpg,1
2884424.jpg,1
2884431.jpg,1
2884434.jpg,1
2884437.jpg,1
2884445.jpg,1
2884531.jpg,1
2884533.jpg,1
2884542.jpg,1
2884543.jpg,1
2884554.jpg,1
2884556.jpg,1
2884558.jpg,1
2884624.jpg,1
2884625.jpg,1
2884674.jpg,1
2884840.jpg,1
2884841.jpg,1
2885081.jpg,1
2885110.jpg,1
2885115.jpg,1
2885158.jpg,1
2885363.jpg,1
2885396.jpg,1
2885617.jpg,1
2885795.jpg,1
2886029.jpg,1
2886162.jpg,1
2886329.jpg,1
2886330.jpg,1
2886336.jpg,1
2886349.jpg,1
2886367.jpg,1
2886371.jpg,1
2886437.jpg,1
2886438.jpg,1
2886457.jpg,1
2886458.jpg,1
2886468.jpg,1
2886481.jpg,1
2886483.jpg,1
2886708.jpg,1
2886856.jpg,1
2886861.jpg,1
2887206.jpg,1
2887207.jpg,1
2887250.jpg,1
2887262.jpg,1
2887546.jpg,1
2887695.jpg,1
2887774.jpg,1
2887924.jpg,1
2887925.jpg,1
2888360.jpg,1
2888364.jpg,1
2888391.jpg,1
2888409.jpg,1
2888412.jpg,1
2888413.jpg,1
2888414.jpg,1
2888421.jpg,1
2888425.jpg,1
2888428.jpg,1
2888429.jpg,1
2888431.jpg,1
2888433.jpg,1
2888436.jpg,1
2888437.jpg,1
2888443.jpg,1
2888444.jpg,1
2888448.jpg,1
2888449.jpg,1
2888451.jpg,1
2888455.jpg,1
2888476.jpg,1
2888486.jpg,1
2888487.jpg,1
2888491.jpg,1
2888492.jpg,1
2888498.jpg,1
2888503.jpg,1
2888505.jpg,1
2888712.jpg,1
2888772.jpg,1
2889217.jpg,1
2889233.jpg,1
2889246.jpg,1
2889733.jpg,1
2890078.jpg,1
2890286.jpg,1
2890360.jpg,1
2890361.jpg,1
2890367.jpg,1
2890371.jpg,1
2890379.jpg,1
2890382.jpg,1
2890383.jpg,1
2890387.jpg,1
2890390.jpg,1
2890406.jpg,1
2890440.jpg,1
2890453.jpg,1
2890457.jpg,1
2890463.jpg,1
2890468.jpg,1
2890471.jpg,1
2890478.jpg,1
2890491.jpg,1
2890499.jpg,1
2890526.jpg,1
2890616.jpg,1
2890617.jpg,1
2890920.jpg,1
2890985.jpg,1
2891022.jpg,1
2891027.jpg,1
2891030.jpg,1
2891213.jpg,1
2891293.jpg,1
2891313.jpg,1
2891511.jpg,1
2891600.jpg,1
2891604.jpg,1
2891605.jpg,1
2891666.jpg,1
2891770.jpg,1
2891990.jpg,1
2892016.jpg,1
2892017.jpg,1
2892047.jpg,1
2892064.jpg,1
2892302.jpg,1
2892322.jpg,1
2892383.jpg,1
2892384.jpg,1
2892386.jpg,1
2892389.jpg,1
2892391.jpg,1
2892392.jpg,1
2892394.jpg,1
2892411.jpg,1
2892414.jpg,1
2892415.jpg,1
2892422.jpg,1
2892439.jpg,1
2892441.jpg,1
2892449.jpg,1
2892460.jpg,1
2892464.jpg,1
2892472.jpg,1
2892500.jpg,1
2892502.jpg,1
2892505.jpg,1
2892508.jpg,1
2892519.jpg,1
2892520.jpg,1
2892528.jpg,1
2892530.jpg,1
2892538.jpg,1
2892539.jpg,1
2892542.jpg,1
2892543.jpg,1
2892544.jpg,1
2892556.jpg,1
2892558.jpg,1
2892733.jpg,1
2892780.jpg,1
2892915.jpg,1
2892949.jpg,1
2892963.jpg,1
2893146.jpg,1
2893265.jpg,1
2893276.jpg,1
2893535.jpg,1
2893658.jpg,1
2893704.jpg,1
2893853.jpg,1
2894009.jpg,1
2894042.jpg,1
2894045.jpg,1
2894168.jpg,1
2894326.jpg,1
2894378.jpg,1
2894444.jpg,1
2894446.jpg,1
2894452.jpg,1
2894460.jpg,1
2894463.jpg,1
2894464.jpg,1
2894477.jpg,1
2894479.jpg,1
2894480.jpg,1
2894484.jpg,1
2894485.jpg,1
2894488.jpg,1
2894505.jpg,1
2894523.jpg,1
2894535.jpg,1
2894536.jpg,1
2894541.jpg,1
2894543.jpg,1
2894546.jpg,1
2894548.jpg,1
2894556.jpg,1
2894564.jpg,1
2894568.jpg,1
2894569.jpg,1
2894580.jpg,1
2894582.jpg,1
2894583.jpg,1
2894585.jpg,1
2894642.jpg,1
2894799.jpg,1
2894800.jpg,1
2894801.jpg,1
2894847.jpg,1
2895140.jpg,1
2895517.jpg,1
2895518.jpg,1
2895780.jpg,1
2895987.jpg,1
2896396.jpg,1
2896444.jpg,1
2896448.jpg,1
2896454.jpg,1
2896465.jpg,1
2896481.jpg,1
2896487.jpg,1
2896509.jpg,1
2896512.jpg,1
2896513.jpg,1
2896521.jpg,1
2896537.jpg,1
2896538.jpg,1
2896555.jpg,1
2896564.jpg,1
2896565.jpg,1
2896572.jpg,1
2896574.jpg,1
2896578.jpg,1
2896582.jpg,1
2896583.jpg,1
2896585.jpg,1
2896587.jpg,1
2896603.jpg,1
2896604.jpg,1
2896818.jpg,1
2896819.jpg,1
2896839.jpg,1
2897109.jpg,1
2897110.jpg,1
2897179.jpg,1
2897279.jpg,1
2897300.jpg,1
2897473.jpg,1
2897944.jpg,1
2898260.jpg,1
2898508.jpg,1
2898515.jpg,1
2898518.jpg,1
2898526.jpg,1
2898531.jpg,1
2898532.jpg,1
2898540.jpg,1
2898541.jpg,1
2898544.jpg,1
2898555.jpg,1
2898556.jpg,1
2898559.jpg,1
2898562.jpg,1
2898569.jpg,1
2898578.jpg,1
2898589.jpg,1
2898590.jpg,1
2898592.jpg,1
2898613.jpg,1
2898615.jpg,1
2898629.jpg,1
2898637.jpg,1
2898641.jpg,1
2898643.jpg,1
2898644.jpg,1
2898650.jpg,1
2898696.jpg,1
2898734.jpg,1
2899416.jpg,1
2899489.jpg,1
2899632.jpg,1
2899681.jpg,1
2899682.jpg,1
2899716.jpg,1
2900108.jpg,1
2900156.jpg,1
2900285.jpg,1
2900311.jpg,1
2900408.jpg,1
2900421.jpg,1
2900528.jpg,1
2900543.jpg,1
2900545.jpg,1
2900546.jpg,1
2900551.jpg,1
2900555.jpg,1
2900561.jpg,1
2900563.jpg,1
2900564.jpg,1
2900569.jpg,1
2900575.jpg,1
2900579.jpg,1
2900593.jpg,1
2900598.jpg,1
2900599.jpg,1
2900632.jpg,1
2900648.jpg,1
2900651.jpg,1
2900658.jpg,1
2900663.jpg,1
2900704.jpg,1
2900706.jpg,1
2901520.jpg,1
2901540.jpg,1
2901733.jpg,1
2901960.jpg,1
2902019.jpg,1
2902037.jpg,1
2902383.jpg,1
2902555.jpg,1
2902557.jpg,1
2902577.jpg,1
2902579.jpg,1
2902580.jpg,1
2902584.jpg,1
2902586.jpg,1
2902591.jpg,1
2902596.jpg,1
2902604.jpg,1
2902607.jpg,1
2902611.jpg,1
2902623.jpg,1
2902627.jpg,1
2902634.jpg,1
2902636.jpg,1
2902650.jpg,1
2902672.jpg,1
2902673.jpg,1
2902677.jpg,1
2902685.jpg,1
2902687.jpg,1
2902692.jpg,1
2902696.jpg,1
2902698.jpg,1
2902700.jpg,1
2902702.jpg,1
2902707.jpg,1
2902710.jpg,1
2902797.jpg,1
2902830.jpg,1
2902876.jpg,1
2903349.jpg,1
2903449.jpg,1
2903463.jpg,1
2903479.jpg,1
2903514.jpg,1
2903561.jpg,1
2903562.jpg,1
2903623.jpg,1
2903630.jpg,1
2903670.jpg,1
2903675.jpg,1
2903735.jpg,1
2903739.jpg,1
2903808.jpg,1
2904228.jpg,1
2904589.jpg,1
2904594.jpg,1
2904595.jpg,1
2904597.jpg,1
2904598.jpg,1
2904601.jpg,1
2904608.jpg,1
2904647.jpg,1
2904651.jpg,1
2904654.jpg,1
2904663.jpg,1
2904665.jpg,1
2904712.jpg,1
2904715.jpg,1
2904716.jpg,1
2904728.jpg,1
2904729.jpg,1
2904731.jpg,1
2904735.jpg,1
2904908.jpg,1
2905375.jpg,1
2905614.jpg,1
2906025.jpg,1
2907008.jpg,1
2907009.jpg,1
2907707.jpg,1
2907709.jpg,1
2908130.jpg,1
2908394.jpg,1
2908563.jpg,1
2908758.jpg,1
2908879.jpg,1
2909310.jpg,1
2909477.jpg,1
2909479.jpg,1
2909487.jpg,1
2909518.jpg,1
299795.jpg,1
317095.jpg,1
382937.jpg,1
560394.jpg,1
567270.jpg,1
567497.jpg,1
573909.jpg,1
606852.jpg,1
615653.jpg,1
619771.jpg,1
619972.jpg,1
619974.jpg,1
619975.jpg,1
622359.jpg,1
625354.jpg,1
626289.jpg,1
626655.jpg,1
628613.jpg,1
629724.jpg,1
630578.jpg,1
633466.jpg,1
633663.jpg,1
633665.jpg,1
634629.jpg,1
636292.jpg,1
638399.jpg,1
640040.jpg,1
645701.jpg,1
649484.jpg,1
654191.jpg,1
656741.jpg,1
657560.jpg,1
657719.jpg,1
660920.jpg,1
670162.jpg,1
670840.jpg,1
672057.jpg,1
672451.jpg,1
676133.jpg,1
676917.jpg,1
677230.jpg,1
677562.jpg,1
679013.jpg,1
680883.jpg,1
682064.jpg,1
686160.jpg,1
690988.jpg,1
692458.jpg,1
702094.jpg,1
707735.jpg,1
709324.jpg,1
717899.jpg,1
717942.jpg,1
723692.jpg,1
726222.jpg,1
726231.jpg,1
739520.jpg,1
739608.jpg,1
751934.jpg,1
763524.jpg,1
772783.jpg,1
776579.jpg,1
792101.jpg,1
807046.jpg,1
828391.jpg,1
832478.jpg,1
834991.jpg,1
834998.jpg,1
864096.jpg,1
881579.jpg,1
905067.jpg,1
905069.jpg,1
913261.jpg,1
914029.jpg,1
921004.jpg,1
928066.jpg,1
928647.jpg,1
929534.jpg,1
930293.jpg,1
937491.jpg,1
943560.jpg,1
944853.jpg,1
948344.jpg,1
949995.jpg,1
949997.jpg,1
949999.jpg,1
950580.jpg,1
950995.jpg,1
951046.jpg,1
951323.jpg,1
952113.jpg,1
953982.jpg,1
